audio_file|text|speaker
clip_0000.wav|Now me to introduce myself.|jarvis
clip_0001.wav|I am Jarvis, a virtual artificial intelligence, and I'm here to assist you with a variety of tasks as best I can. 24 hours a day, seven days a week.|jarvis
clip_0002.wav|Importing all preferences from home interface, begin systems check.|jarvis
clip_0003.wav|Set up complete. I'm displaying a set of rudimentary commands currently available. It's not the most comprehensive list, but it will have to suffice. In the future, if you ever need a list of commands, please say, Charvis commands or tap the commands icon.|jarvis
clip_0008.wav|I must insist that you wake up. Maybe you should have chosen a later time because clearly you don't want to get up. Accessed. I've noticed we are not connected to a network.|jarvis
clip_0010.wav||jarvis
clip_0012.wav|Alarm set for thank you the alarm is set enjoy your delay of the inevitable Evasive maneuvers acknowledged the world needs your expertise|jarvis
clip_0013.wav|or at least your present.|jarvis
clip_0015.wav|I must insist that you wake up. Please wake up, ma'am. Please wake up, sir. Here's some music to start your day. I apologize for the disturbance, but it's time for you to wake up. As requested...|jarvis
clip_0019.wav|5th, 6th, 7th, 8th, 9th, 10th, 11th, 12th.|jarvis
clip_0022.wav|15th, 16th, 17th, 18th, 19th, 20th, 21st, 22nd, 23rd, 24th, 25th, 26th, 27th, 28th, 29th.|jarvis
clip_0023.wav|30th 31st, the Friday, Monday, Saturday, Sunday, Thursday, Tuesday, Wednesday, have a peaceful evening. Good night, not too complicated, a bit of light reading to walk you through the instructions.|jarvis
clip_0024.wav|Allow me to introduce myself.|jarvis
clip_0025.wav|I am Jarvis, a virtual artificial intelligence, and I'm here to assist you with a variety of tasks as best I can. 24 hours a day, seven days a week. Remote upload sequence initiated.|jarvis
clip_0026.wav|Importing all preferences from home interface, begin the systems check.|jarvis
clip_0027.wav|I'm not used to the technical specifications of this device, but I will do my best.|jarvis
clip_0028.wav|Outblood nearly complete.|jarvis
clip_0029.wav|It appears I will be roughing it.|jarvis
clip_0030.wav|Online and ready.|jarvis
clip_0034.wav|50, 51, 52, 53, 54, 55, 56, 57, 58, 59, 6, 67.|jarvis
clip_0036.wav|I'm not used to a system with only two microphones. Forgive me, ma'am. Could you please repeat your request?|jarvis
clip_0037.wav|I'm not used to a system with only two microphones. Accessing the alert section.|jarvis
clip_0039.wav|Very well, seize the day, ma'am. I see you require your daily affirmation.|jarvis
clip_0041.wav|Displaying now, all encrypted files for Project Roll Call have been recovered. However, I am detecting another file not in my database memory.|jarvis
clip_0043.wav|I have terabytes of calculations to run. I'm very busy trying to keep you on schedule.|jarvis
clip_0044.wav|Please let me know should you need any assistance. With the proper disk media loaded, I'm capable of operating Wi-Fi enabled external multimedia video playback systems. Setting reminder alarms.|jarvis
clip_0047.wav|May I recommend staying in with a nice hot cocoa. Scans indicate low temperatures today. I would appreciate it if you kept me in your pocket. Today's temperatures will be cold and raining.|jarvis
clip_0051.wav|Perhaps a good day to take on a challenge.|jarvis
clip_0053.wav||jarvis
clip_0054.wav||jarvis
